Name	Score
Ro	0
Ro	0
Ro	0
Ro	0
Ro	0
Ro	0
Ro	0
Ro	0
Ro	0
Ro	0
Ro	0
Ro	0
Ro	0
Ro	0
Ro	0
Ro	0
Ro	0
Ro	0
Ro	0
Ro	0
Ro	0
Ro	0
Ro	0
Ro	0
Ro	0
Ro	0
Ro	0
Ro	0
Ro	0
Ro	0
Ro	0
Ro	0
Ro	0
Ro	0
Ro	0
Ro	0
Ro	0
Ro	0
Ro	0
Ro	0
Ro	0
Ro	0
Ro	0
Ro	0
Ro	0
Ro	0
Ro	0
Ro	0
Ro	0
Ro	0
Ro	0
Ro	0
Ro	0
Ro	0
Ro	0
Ro	0
Ro	0
Ro	0
Ro	0
Ro	0
Ro	0
Ro	0
Ro	0
Ro	0
Ro	0
Ro	0
Ro	0
Ro	0
Ro	0
Ro	0
Ro	0
Ro	0
Ro	0
Ro	0
Ro	0
Ro	0
Ro	0
Ro	0
Ro	0
Ro	0
Ro	0
Ro	0
Ro	0
Ro	0
Ro	0
Ro	0
Ro	0
Ro	0
Ro	0
Ro	0
Ro	0
Ro	0
Ro	0
Ro	0
Ro	0
Ro	0
Ro	0
Ro	0
Ro	0
Ro	0
Ro	0
Ro	0
Ro	0
Ro	0
Ro	0
Ro	0
Ro	0
